vispub_doi,aminer_id,method
10.1109/mcg.2018.2880818,5c83913bf56def9798e08cb1,doi
10.1109/tvcg.2012.93,5390b95420f70186a0f2d979,doi
10.1109/tvcg.2021.3133511,61b022b95244ab9dcb5c45e9,doi
10.1109/tvcg.2021.3133592,61b480b65244ab9dcbe9a284,doi
10.1109/tvcg.2023.3337642,656974d1939a5f40829cbadf,doi
10.1109/tvcg.2018.2880207,5c0f8fedda562944aca67e67,doi
10.1109/tvcg.2020.2977634,5e64ce8c93d709897c111db5,doi
10.1109/tvcg.2019.2921323,5d00ce2f3a55ac2b2044ae6b,doi
10.1109/tvcg.2011.155,5390b63320f70186a0f17cdc,doi
10.1109/tvcg.2022.3214771,634a8fc390e50fcafd915100,doi
10.1109/tvcg.2024.3368060,65e6a6fb13fb2c6cf60d4fc0,doi
10.1109/tvcg.2019.2895085,5c4ec241e1cd8e3ec52a382e,doi
10.1109/tvcg.2018.2872577,5c0f8ca2da562944ac9fc6ec,doi
10.1109/mcg.2016.62,57a4e92fac44365e35c9b7e2,doi
10.1109/tvcg.2023.3238008,62bbc3875aee126c0fa688ea,doi
10.1109/tvcg.2013.109,5390bf1320f70186a0f502dc,doi
10.1109/mcg.2021.3136545,61c301b95244ab9dcb04ad86,doi
10.1109/tvcg.2021.3076222,608bd940e4510cd7c825f15f,doi
10.1109/tvcg.2024.3471181,60caf74c91e011b329374290,doi
10.1109/mcg.2024.3517293,6768d2afae8580e7ff5b3483,doi
10.1109/tvcg.2010.90,5390b00c20f70186a0ed4a8a,doi
10.1109/tvcg.2019.2947515,5db0318d47c8f76646147ea7,doi
10.1109/tvcg.2011.88,5390b4da20f70186a0f00afb,doi
10.1109/mcg.2016.49,599c7a47601a182cd26a4240,doi
10.1109/tvcg.2021.3064385,60489d7aec47cda5328af697,doi
10.1109/mcg.2015.97,573696606e3b12023e56d618,doi
10.1109/mcg.2019.2927556,5d29b1183a55ac32e64d5571,doi
10.1109/tvcg.2013.89,5390be6620f70186a0f4bb8e,doi
10.1109/mcg.2016.48,57a4e92fac44365e35c9b7de,doi
10.1109/mcg.2017.38,599c7a47601a182cd26a40c5,doi
10.1109/tvcg.2022.3198163,61d269395244ab9dcbc5f33e,doi
10.1109/tvcg.2024.3513275,675659bfae8580e7ff8d204d,doi
10.1109/tvcg.2020.3022359,5df755b93a55ac545fca451f,doi
10.1109/tvcg.2023.3323150,654b2337939a5f4082efdce1,doi
10.1109/tvcg.2020.3018724,5f463a199fced0a24b210d97,doi
10.1109/tvcg.2022.3214420,60dfcaf591e01129379b37a7,doi
10.1109/tvcg.2023.3288356,64af6fb93fda6d7f06417094,doi
10.1109/tvcg.2011.109,5390b4da20f70186a0f00afc,doi
10.1109/tvcg.2020.2977336,5e64ce8c93d709897c111db4,doi
10.1109/tvcg.2020.3020958,5f50c4319fced0a24b9c0afe,doi
10.1109/tvcg.2022.3219248,6364edc990e50fcafde9b422,doi
10.1109/tvcg.2024.3397004,64f933e53fda6d7f067a1350,doi
10.1109/tvcg.2011.78,5390b36120f70186a0ef0c3a,doi
10.1109/tvcg.2018.2848906,5c0f8549da562944ac906b26,doi
10.1109/tvcg.2015.2424872,55465db90cf2939c2fee8348,doi
10.1109/mcg.2022.3157961,622b2bd35aee126c0fb950d4,doi
10.1109/tvcg.2019.2940026,5d7cbcc447c8f76646dc3203,doi
10.1109/tvcg.2016.2615308,57fd088a0cf29e89f61b4af7,doi
10.1109/mcg.2018.032421653,5b3d98bd17c44a510f80068a,doi
10.1109/tvcg.2022.3225554,6388863990e50fcafd5b77c2,doi
10.1109/tvcg.2023.3275925,61dcf5485244ab9dcb1fb548,doi
10.1109/mcg.2018.032421654,5b3d98bd17c44a510f80067f,doi
10.1109/tvcg.2018.2851227,5c0f8549da562944ac906bae,doi
10.1109/tvcg.2021.3068337,605dbc1ee4510cd7c8947c3b,doi
10.1109/tvcg.2021.3076749,608e7907e4510cd7c85f6035,doi
10.1109/tvcg.2011.107,5390b4da20f70186a0f00b0a,doi
10.1109/tvcg.2018.2829750,5a260c8417c44a4ba8a31c5b,doi
10.1109/tvcg.2011.280,5390b72e20f70186a0f227a4,doi
10.1109/tvcg.2022.3182488,62a2b6915aee126c0f4d6a93,doi
10.1109/mcg.2024.3444460,67779929ae8580e7ff44642f,doi
10.1109/tvcg.2024.3423728,6417d04090e50fcafd83db4e,doi
10.1109/tvcg.2018.2867488,5c0f8a3bda562944ac9abd60,doi
10.1109/tvcg.2020.3043487,5fd344ded4150a363cb256f2,doi
10.1109/mcg.2014.62,557c59976feeaa8086d9b05f,doi
10.1109/mcg.2019.2945720,5da2f60947c8f7664608311a,doi
10.1109/mcg.2018.2881985,5c2173583a55ac0c20820753,doi
10.1109/tvcg.2021.3102051,5ff4486991e01130648dc4af,doi
10.1109/tvcg.2025.3550130,656fdbb1939a5f40828f88ce,doi
10.1109/tvcg.2020.3023336,5f5df4809fced0a24bdec0b5,doi
10.1109/mcg.2020.2973120,5e4e5b6193d709897cabb064,doi
10.1109/mcg.2020.2968906,5e30070edf1a9c0c41e8f682,doi
10.1109/tvcg.2020.3042930,5fd1f34cd4150a363ce99de5,doi
10.1109/mcg.2015.74,573696606e3b12023e56d738,doi
10.1109/mcg.2016.100,58437735ac44360f1083223e,doi
10.1109/tvcg.2022.3146329,61f51aaf5aee126c0f14a591,doi
10.1109/tvcg.2024.3410097,6661260f01d2a3fbfc807598,doi
10.1109/tvcg.2021.3122176,617a7ea75244ab9dcb31cd94,doi
10.1109/tvcg.2020.2978050,5e67758993d709897c7d2def,doi
10.1109/mcg.2015.51,558c49d9e4b00c3c48e166cb,doi
10.1109/tvcg.2014.2337337,55461251d19fa96dd695ad45,doi
10.1109/tvcg.2018.2873011,5c0f8ca2da562944ac9fc6ef,doi
10.1109/mcg.2023.3345742,6586778c939a5f4082fc5fd4,doi
10.1109/tvcg.2023.3346713,6594cc11939a5f40820a3635,doi
10.1109/tvcg.2014.2312009,55503f9045ce0a409eb2ec36,doi
10.1109/tvcg.2014.2315995,558c06c284ae6766fdf0a07a,doi
10.1109/tvcg.2024.3368621,65484c09939a5f4082af6210,doi
10.1109/tvcg.2017.2653106,5a73cbcc17c44a0b3035fb5a,doi
10.1109/mcg.2015.71,55c33c04683a451f09d26e27,doi
10.1109/tvcg.2015.2513389,568e70e30cf2711965672631,doi
10.1109/tvcg.2025.3538771,67a18228ae8580e7ffdeb3ec,doi
10.1109/tvcg.2015.2440233,558c4a9be4b00c3c48e16c5e,doi
10.1109/tvcg.2022.3219232,61e8d3175244ab9dcb58437e,doi
10.1109/tvcg.2024.3372104,65e393d913fb2c6cf6bbdc09,doi
10.1109/mcg.2016.124,599c7a47601a182cd26a4378,doi
10.1109/tvcg.2022.3141040,6061b67591e0112c88b98442,doi
10.1109/mcg.2023.3300441,63f82b2490e50fcafd058fbf,doi
10.1109/tvcg.2017.2787113,5bdc31c217c44a1f58a0d17a,doi
10.1109/tvcg.2018.2843369,5c0f8548da562944ac906787,doi
10.1109/tvcg.2019.2933196,5d4fe74b10066d67516a603e,doi
10.1109/mcg.2021.3115413,6153e3575244ab9dcb3d31c4,doi
10.1109/tvcg.2013.65,5390bd1520f70186a0f42fcf,doi
10.1109/tvcg.2018.2810068,5c0f8548da562944ac906888,doi
10.1109/tvcg.2023.3293121,62df81d35aee126c0f872277,doi
10.1109/tvcg.2012.105,5390b95420f70186a0f2d977,doi
10.1109/tvcg.2021.3121229,6173e74e5244ab9dcb659e72,doi
10.1109/tvcg.2018.2833113,5c0f8548da562944ac90694c,doi
10.1109/tvcg.2018.2879672,5c0f8f8fda562944aca5c69f,doi
10.1109/tvcg.2021.3076875,608e7907e4510cd7c85f6062,doi
10.1109/tvcg.2023.3346640,6583b18a939a5f408229ae88,doi
10.1109/mcg.2018.053491730,5bdc31af17c44a1f58a0a618,doi
10.1109/tvcg.2025.3572850,679847cdae8580e7ff836c3f,doi
10.1109/tvcg.2015.2414454,55465e7d0cf2939c2feeb40e,doi
10.1109/tvcg.2018.2875702,5c0f8dc4da562944aca23b38,doi
10.1109/mcg.2024.3383137,66c525c301d2a3fbfc589cb9,doi
10.1109/tvcg.2019.2895642,5c6032e4e1cd8efdcef89e24,doi
10.1109/tvcg.2022.3233548,648e856fd68f896efa61756f,doi
10.1109/tvcg.2022.3229953,53e9b968b7602d9704556a30,doi
10.1109/mcg.2020.3025504,5f6b1f839fced0a24b480e5c,doi
10.1109/tvcg.2022.3184993,62b2f32b5aee126c0f0067fb,doi
10.1109/tvcg.2023.3345373,6586778c939a5f4082fc5fcf,doi
10.1109/tvcg.2018.2867776,5bbacb9e17c44aecc4eaffdb,doi
10.1109/tvcg.2023.3245609,63ec4dc890e50fcafd66a4c6,doi
10.1109/tvcg.2016.2520921,56a8cde00cf260694326b333,doi
10.1109/tvcg.2018.2810918,5c0f8548da562944ac906889,doi
10.1109/tvcg.2024.3495695,6732982b01d2a3fbfcfa498e,doi
10.1109/tvcg.2018.2796591,5bdc31c217c44a1f58a0d171,doi
10.1109/tvcg.2025.3542606,6710729801d2a3fbfc80c157,doi
10.1109/tvcg.2022.3152450,621221805aee126c0ffff634,doi
10.1109/tvcg.2023.3240356,642ff70890e50fcafdac5a40,doi
10.1109/tvcg.2023.3334755,64a78f10d68f896efa01de3e,doi
10.1109/tvcg.2010.93,5390afc920f70186a0ed20b6,doi
10.1109/tvcg.2018.2846735,5c0f8548da562944ac906a4a,doi
10.1109/tvcg.2021.3061925,5f23f10191e01144966d09f5,doi
10.1109/tvcg.2025.3561300,63e1c14d90e50fcafd2df567,doi
10.1109/tvcg.2023.3324851,654dc5a7939a5f4082bdafd1,doi
10.1109/tvcg.2015.2484343,5736959a6e3b12023e4ba058,doi
10.1109/tvcg.2022.3167896,625791285aee126c0f1fcb62,doi
10.1109/tvcg.2012.89,5390b7fe20f70186a0f2635f,doi
10.1109/mcg.2020.3025078,5f67295e9fced0a24bcde56e,doi
10.1109/tvcg.2021.3127132,618e46a25244ab9dcb6901d5,doi
10.1109/tvcg.2023.3302308,64f814f33fda6d7f0601ed98,doi
10.1109/tvcg.2021.3109460,6134a0be5244ab9dcb66b984,doi
10.1109/tvcg.2018.2816059,5a260c8617c44a4ba8a320ba,doi
10.1109/tvcg.2019.2963659,5e145daddf1a9c0c4170a2fe,doi
10.1109/tvcg.2023.3262039,6433e84690e50fcafd2ab898,doi
10.1109/tvcg.2024.3382760,6614b69713fb2c6cf63946ce,doi
10.1109/tvcg.2020.3012778,5f2a852f9fced0a24bdb4d90,doi
10.1109/tvcg.2018.2818701,5c0f8548da562944ac9067dc,doi
10.1109/tvcg.2021.3065443,604c929cec47cda532169252,doi
10.1109/mcg.2016.66,599c7a47601a182cd26a43d1,doi
10.1109/mcg.2023.3307971,64e843383fda6d7f06eede2c,doi
10.1109/tvcg.2025.3573774,677c9894ae8580e7ff36703a,doi
10.1109/tvcg.2018.2859997,5c0f86b3da562944ac93a438,doi
10.1109/tvcg.2013.90,5390be6620f70186a0f4bb80,doi
10.1109/tvcg.2023.3345340,65767391939a5f408290bcbc,doi
10.1109/tvcg.2023.3263856,6433e84690e50fcafd2ab930,doi
10.1109/mcg.2019.2963657,5e145daddf1a9c0c4170a2f6,doi
10.1109/tvcg.2018.2824822,5c0f8548da562944ac9068a1,doi
10.1109/tvcg.2021.3085751,602b9d5191e0113d72356c67,doi
10.1109/tvcg.2020.2992200,5eb7d38f9fced0a24b5668f0,doi
10.1109/tvcg.2020.3023537,5de4e0bf3a55ac2224ba54a0,doi
10.1109/tvcg.2024.3390219,6528a864939a5f408257a041,doi
10.1109/tvcg.2012.172,5390bb7b20f70186a0f3f6bd,doi
10.1109/tvcg.2020.3009003,5f2a852f9fced0a24bdb4b9b,doi
10.1109/tvcg.2022.3153871,6215a5c85aee126c0f33755b,doi
10.1109/tvcg.2018.2808489,58437722ac44360f1082f61d,doi
10.1109/tvcg.2017.2671341,58cc4dd40cf2ba023f63b3f4,doi
10.1109/tvcg.2022.3184247,62b2f31a5aee126c0f001cd3,doi
10.1109/tvcg.2025.3579700,66f0ca1901d2a3fbfcaf367f,doi
10.1109/tvcg.2023.3285546,64af6e0c3fda6d7f06401900,doi
10.1109/tvcg.2015.2424878,55465e110cf2939c2fee98d7,doi
10.1109/mcg.2017.377152546,5ac1828717c44a1fda916b7e,doi
10.1109/mcg.2017.3621224,59cb0d6d0cf23f44bec68cbb,doi
10.1109/tvcg.2017.2680452,5a73cbcc17c44a0b3035fb63,doi
10.1109/tvcg.2010.227,5390b00c20f70186a0ed61d3,doi
10.1109/mcg.2022.3176199,62f6036090e50fcafdf83498,doi
10.1109/tvcg.2012.174,5390bae520f70186a0f3b4b2,doi
10.1109/tvcg.2022.3186146,62b6e6fd5aee126c0fa71959,doi
10.1109/tvcg.2021.3102966,610fb2e85244ab9dcbbb21b5,doi
10.1109/tvcg.2012.128,5390bae520f70186a0f3b493,doi
10.1109/mcg.2022.3230444,63dd964c90e50fcafd883a4b,doi
10.1109/tvcg.2016.2610422,59ae3bcd2bbe271c4c71ac40,doi
10.1109/tvcg.2019.2963018,6577a2df939a5f4082507fc6,doi
10.1109/mcg.2017.3621222,59cb0d6d0cf23f44bec68cbd,doi
10.1109/tvcg.2010.82,5390aefc20f70186a0ecd478,doi
10.1109/tvcg.2021.3050118,5ffae029d4150a363c271ae0,doi
10.1109/tvcg.2025.3552134,674e79f6ae8580e7ffa74408,doi
10.1109/tvcg.2022.3165385,5f05958491e011c57e3e8cb8,doi
10.1109/mcg.2021.3127434,618f96ea5244ab9dcb17a306,doi
10.1109/tvcg.2024.3374571,63db2a0490e50fcafd050f8e,doi
10.1109/mcg.2019.2897927,5c6032e4e1cd8efdcef89e18,doi
10.1109/tvcg.2018.2841385,5c0f8548da562944ac9067a4,doi
10.1109/tvcg.2023.3299602,64c5fc4e3fda6d7f0678ab87,doi
10.1109/tvcg.2020.3017568,5de4e0b73a55ac2224ba5306,doi
10.1109/mcg.2015.3,55465e3b0cf2939c2feea418,doi
10.1109/tvcg.2022.3169590,626e65a35aee126c0f2c661e,doi
10.1109/tvcg.2022.3207147,6325a56b90e50fcafd440f0f,doi
10.1109/tvcg.2024.3463800,66ecb39b01d2a3fbfcaa5dfe,doi
10.1109/tvcg.2022.3189883,62c816df5aee126c0f57e338,doi
10.1109/tvcg.2016.2570215,574463160cf2e22de9e29ee0,doi
10.1109/tvcg.2023.3259341,627dbed95aee126c0ff67810,doi
10.1109/tvcg.2023.3278304,64741c33d68f896efaa7b767,doi
10.1109/tvcg.2022.3153895,6082a15291e0118612e3f5da,doi
10.1109/tvcg.2023.3251950,6432998790e50fcafd467f13,doi
10.1109/tvcg.2023.3316469,650a8a643fda6d7f06b93ba9,doi
10.1109/tvcg.2015.2511718,568e70e30cf2711965672632,doi
10.1109/tvcg.2017.2785271,59ae3bf12bbe271c4c71bfb6,doi
10.1109/tvcg.2013.76,5390be6620f70186a0f4bb8a,doi
10.1109/tvcg.2021.3130670,5fa3fe5791e011a6939b8285,doi
10.1109/tvcg.2011.82,5390b4da20f70186a0f00afe,doi
10.1109/tvcg.2016.2535234,599c7857601a182cd25bc063,doi
10.1109/tvcg.2013.2297914,558b4bcc612c41e6b9d48818,doi
10.1109/tvcg.2023.3292391,642175a090e50fcafd9e4fc1,doi
10.1109/tvcg.2021.3071387,606ed56ae4510cd7c8b5b426,doi
10.1109/tvcg.2021.3074023,60814dc6e4510cd7c85de38f,doi
10.1109/tvcg.2018.2876539,5c0f8dc4da562944aca23b5d,doi
10.1109/tvcg.2018.2889081,5c2173583a55ac0c20820761,doi
10.1109/tvcg.2021.3057483,5c6403d6da56297318f6ff39,doi
10.1109/tvcg.2022.3173081,627a43cd5aee126c0f2a28e9,doi
10.1109/tvcg.2022.3232959,53e9b310b7602d9703dd4693,doi
10.1109/tvcg.2023.3256376,6432998d90e50fcafd46929f,doi
10.1109/tvcg.2023.3274572,64659ad0d68f896efa875162,doi
10.1109/mcg.2019.2901428,5c76601de1cd8e5665a86fd6,doi
10.1109/tvcg.2025.3561091,66fb6df101d2a3fbfc4927eb,doi
10.1109/tvcg.2022.3148197,60d68a5091e011839f53cd9e,doi
10.1109/tvcg.2015.2500240,564f29460cf20a6ca224c634,doi
10.1109/tvcg.2023.3310019,64f17daa3fda6d7f06549273,doi
10.1109/tvcg.2024.3382607,660f84fe13fb2c6cf6900274,doi
10.1109/tvcg.2019.2962404,5e07289fdf1a9c0c41670567,doi
10.1109/tvcg.2022.3215001,62de09b65aee126c0faa596e,doi
10.1109/tvcg.2011.113,5390b4da20f70186a0f00afa,doi
10.1109/tvcg.2023.3286392,64893b0dd68f896efa978f6b,doi
10.1109/tvcg.2020.2981456,5e75ebef93d709897c2c265d,doi
10.1109/tvcg.2024.3516379,675b71e9ae8580e7ff9f8c98,doi
10.1109/tvcg.2024.3491504,60507c2b9e795e2125c081f4,doi
10.1109/tvcg.2017.2701829,5aed14e217c44a4438159de2,doi
10.1109/tvcg.2021.3098240,60f9439d5244ab9dcba396ab,doi
10.1109/tvcg.2018.2868760,5c0f8a56da562944ac9af2ce,doi
10.1109/tvcg.2022.3225114,6387360c90e50fcafd1d652c,doi
10.1109/tvcg.2019.2914446,5cd2abe3e1cd8ee35cac8ea5,doi
10.1109/mcg.2024.3362168,6602501913fb2c6cf6d588b7,doi
10.1109/mcg.2023.3338788,65a75ad3939a5f408261b6fe,doi
10.1109/tvcg.2019.2906900,5c9b49cbe1cd8e9a74c513e4,doi
10.1109/tvcg.2012.131,5390bae520f70186a0f3b48d,doi
10.1109/tvcg.2023.3322898,652dee70939a5f4082b4336a,doi
10.1109/tvcg.2023.3251344,63180be590e50fcafded4371,doi
10.1109/tvcg.2011.110,5390b4da20f70186a0f00b0c,doi
10.1109/mcg.2016.101,58437735ac44360f10832237,doi
10.1109/mcg.2014.80,55465ede0cf2939c2feecc65,doi
10.1109/tvcg.2022.3141605,61e002825244ab9dcb27158f,doi
10.1109/tvcg.2012.150,5390bb7b20f70186a0f3f70c,doi
10.1109/tvcg.2013.271,53e99ddab7602d9702699188,doi
10.1109/tvcg.2014.2325043,55465d900cf2939c2fee7904,doi
10.1109/tvcg.2018.2865361,5c0f884eda562944ac96e47d,doi
10.1109/tvcg.2021.3120372,616c089a5244ab9dcb173d08,doi
10.1109/tvcg.2015.2413774,55465d850cf2939c2fee7617,doi
10.1109/tvcg.2017.2764459,59ec02d10cf22f5df7319aad,doi
10.1109/mcg.2021.3098804,6101366c5244ab9dcbef4986,doi
10.1109/tvcg.2018.2850781,5c0f8549da562944ac906bef,doi
10.1109/tvcg.2021.3106328,612a13b15244ab9dcb1326fa,doi
10.1109/tvcg.2025.3543619,67b51712ae8580e7fffaaad8,doi
10.1109/tvcg.2023.3336588,65f905ce13fb2c6cf67743e5,doi
10.1109/tvcg.2020.3006995,5f02f3e091e011ee5e025903,doi
10.1109/mcg.2022.3156846,6228872e5aee126c0feaa3b0,doi
10.1109/tvcg.2023.3241596,642ff70890e50fcafdac5e60,doi
10.1109/tvcg.2023.3333356,6559a308939a5f40824b89ed,doi
10.1109/mcg.2024.3360881,65bc078b939a5f408246eb03,doi
10.1109/tvcg.2010.260,5390b29820f70186a0ee8e79,doi
10.1109/tvcg.2022.3152515,628d29e35aee126c0f5150d8,doi
10.1109/mcg.2014.104,5577f14cd19f3a8156a60766,doi
10.1109/tvcg.2018.2856772,5c0f86b3da562944ac93a433,doi
10.1109/tvcg.2019.2912752,5cc42b59e1cd8e8054914732,doi
10.1109/tvcg.2024.3358919,65b56f2b939a5f408253ca47,doi
10.1109/tvcg.2021.3116656,615837da5244ab9dcb3c6a5a,doi
10.1109/tvcg.2024.3402834,664c182e01d2a3fbfcf4bb68,doi
10.1109/tvcg.2020.3041745,5fb7943791e01122f29d6917,doi
10.1109/mcg.2015.115,573696606e3b12023e56d01f,doi
10.1109/tvcg.2021.3137174,5f88217291e0118ce8f04214,doi
10.1109/mcg.2016.90,58437735ac44360f10832239,doi
10.1109/tvcg.2012.114,5390b95520f70186a0f2f460,doi
10.1109/tvcg.2014.2330617,55465df30cf2939c2fee9182,doi
10.1109/tvcg.2021.3106142,5fc7742991e0114897921253,doi
10.1109/tvcg.2016.2520920,56a8cde00cf260694326b334,doi
10.1109/mcg.2022.3149875,62063e945aee126c0f281aa3,doi
10.1109/mcg.2020.2973939,5e5100db93d709897c8c2e1c,doi
10.1109/tvcg.2018.2810919,5c0f8549da562944ac906b90,doi
10.1109/tvcg.2020.3006426,5f2a852f9fced0a24bdb4cbe,doi
10.1109/tvcg.2013.242,5390bf1320f70186a0f502e5,doi
10.1109/mcg.2014.78,558c130fe4b00c3c48e01491,doi
10.1109/tvcg.2020.3035823,5fa672fed4150a363c24af16,doi
10.1109/tvcg.2020.3039340,5f16cf3a91e011b48ae94403,doi
10.1109/tvcg.2025.3560345,66c7ec5f01d2a3fbfce87cc9,doi
10.1109/tvcg.2013.87,5390be6620f70186a0f4bb8f,doi
10.1109/mcg.2014.40,557c6fe208b02739a5ca7190,doi
10.1109/tvcg.2013.101,5390bf1320f70186a0f502db,doi
10.1109/tvcg.2017.2711030,5b67b4b917c44aac1c8682d0,doi
10.1109/tvcg.2014.2322594,557c842d08b02739a5ca8d49,doi
10.1109/mcg.2020.3025322,5f6b1f839fced0a24b480ede,doi
10.1109/tvcg.2021.3086414,60bac8cf91e01102e59b694d,doi
10.1109/tvcg.2019.2952129,5dce779cdf1a9c0c4156181d,doi
10.1109/tvcg.2025.3525974,677da67aae8580e7ff71896f,doi
10.1109/tvcg.2013.66,5390bd1520f70186a0f42fd6,doi
10.1109/tvcg.2022.3229023,53e9a357b7602d9702c60d12,doi
10.1109/tvcg.2017.2672987,573696016e3b12023e5145ff,doi
10.1109/tvcg.2012.115,5390b95520f70186a0f2f45e,doi
10.1109/tvcg.2012.108,5390b95420f70186a0f2d97a,doi
10.1109/tvcg.2018.2803829,5c0f8548da562944ac906ab4,doi
10.1109/tvcg.2021.3073466,5e4d083f3a55ac8cfd770d20,doi
10.1109/tvcg.2011.25,5390b29820f70186a0ee8e61,doi
10.1109/mcg.2018.2878900,5c49caed3a55acf077304eff,doi
10.1109/tvcg.2022.3157058,6228872e5aee126c0feaa3ba,doi
10.1109/tvcg.2022.3163727,623d33145aee126c0f100e0f,doi
10.1109/tvcg.2018.2856744,5bdc31c217c44a1f58a0cc1b,doi
10.1109/tvcg.2018.2796555,5c0f8549da562944ac906ba3,doi
10.1109/tvcg.2017.2785807,5bdc31c217c44a1f58a0d177,doi
10.1109/tvcg.2020.3004137,5ef5c78b91e011b29a6983d8,doi
10.1109/tvcg.2024.3514858,64e826d63fda6d7f06c31154,doi
10.1109/tvcg.2017.2666146,5a73cbcc17c44a0b3035fb5d,doi
10.1109/tvcg.2021.3084694,60b36372e4510cd7c8ca9489,doi
10.1109/mcg.2022.3176325,62f6035e90e50fcafdf81a03,doi
10.1109/tvcg.2019.2898438,5bdc31b817c44a1f58a0c1bc,doi
10.1109/mcg.2021.3097555,60f3fc9d5244ab9dcb5331e1,doi
10.1109/tvcg.2021.3085327,601bc55e91e011fcd67ef24f,doi
10.1109/mcg.2015.52,558c3b7584ae6766fdf1d6c8,doi
10.1109/tvcg.2015.2501813,565711690cf20caa7d696c31,doi
10.1109/tvcg.2017.2764895,5bdc31c217c44a1f58a0d15e,doi
10.1109/mcg.2018.2879066,5c49caed3a55acf077304f02,doi
10.1109/tvcg.2022.3146806,61f51aaf5aee126c0f14a595,doi
10.1109/mcg.2022.3163437,6246d95e5aee126c0fcff47f,doi
10.1109/tvcg.2013.20,53e99addb7602d97023626c7,doi
10.1109/tvcg.2019.2963651,5e145daddf1a9c0c4170a2fd,doi
10.1109/tvcg.2010.259,5390b1d220f70186a0ee1bee,doi
10.1109/tvcg.2015.2413786,55465eaf0cf2939c2feec098,doi
10.1109/tvcg.2021.3131824,61a9f4ac5244ab9dcb9ac545,doi
10.1109/tvcg.2013.92,5390be6620f70186a0f4bb92,doi
10.1109/tvcg.2019.2953746,5dd9035cdf1a9c0c4157dab5,doi
10.1109/mcg.2022.3155867,622341975aee126c0f0d34c3,doi
10.1109/tvcg.2021.3124729,6183b9485244ab9dcbb181b1,doi
10.1109/tvcg.2015.2507595,58437713ac44360f1082cc2b,doi
10.1109/tvcg.2017.2698041,5b1643ba8fbcbf6e5a9bccd8,doi
10.1109/mcg.2018.2877113,5c83913bf56def9798e08caa,doi
10.1109/mcg.2019.2933419,5d4e9b5d10066d67516a1063,doi
10.1109/tvcg.2021.3099002,601a74e091e0111e8877d8c5,doi
10.1109/mcg.2020.3042587,5fccacead4150a363c66bcc9,doi
10.1109/tvcg.2023.3258440,6433e84590e50fcafd2ab85c,doi
10.1109/tvcg.2021.3057519,601fbe6baf79179a997214f0,doi
10.1109/tvcg.2025.3579162,66d12a7f01d2a3fbfce43581,doi
10.1109/mcg.2019.2915215,5cd69d93e1cd8e459186dcb5,doi
10.1109/tvcg.2021.3093585,60dee7261e8bd4ede26adf33,doi
10.1109/tvcg.2025.3536358,679847d2ae8580e7ff837526,doi
10.1109/mcg.2016.38,56f605390cf2d36f21761cec,doi
10.1109/tvcg.2016.2607204,57d964e10cf26ddb55de6b02,doi
10.1109/tvcg.2016.2637333,5a260c8b17c44a4ba8a33142,doi
10.1109/tvcg.2024.3381453,6602562213fb2c6cf62a22de,doi
10.1109/mcg.2018.2878902,5c49caed3a55acf077304f00,doi
10.1109/tvcg.2024.3350076,659f97f5939a5f40825d9226,doi
10.1109/tvcg.2021.3064037,6044a520d3485cfff1a2aba6,doi
10.1109/tvcg.2023.3334513,655d9780939a5f40828610ee,doi
10.1109/tvcg.2024.3365089,65cd2cc1939a5f4082254c0f,doi
10.1109/tvcg.2014.2322363,557cd3e06feeaa8086da219c,doi
10.1109/tvcg.2024.3432710,6441ff30ed329dcc6bb757ea,doi
10.1109/tvcg.2011.279,5390b72e20f70186a0f227a0,doi
10.1109/tvcg.2020.2973564,5e427c903a55acbff4c40a97,doi
10.1109/tvcg.2020.3038446,5f0e32829fced0a24b5d413b,doi
10.1109/tvcg.2020.3011155,5f2a852f9fced0a24bdb4d0f,doi
10.1109/tvcg.2018.2889054,5c2173583a55ac0c2082075f,doi
10.1109/tvcg.2024.3354561,627b29bb5aee126c0f0fe672,doi
10.1109/tvcg.2021.3074607,5f60a79691e0113805870340,doi
10.1109/tvcg.2022.3190623,62cff3c05aee126c0f9b4de8,doi
10.1109/mcg.2018.053491732,5bdc31af17c44a1f58a0a61b,doi
10.1109/tvcg.2018.2817557,5c0f8548da562944ac9069a6,doi
10.1109/tvcg.2024.3385118,66149f9013fb2c6cf6f691f4,doi
10.1109/mcg.2020.3033401,5e5f7c4791e011df604eca88,doi
10.1109/tvcg.2024.3408255,65f3abe013fb2c6cf6613364,doi
10.1109/tvcg.2023.3337173,656823be939a5f4082f36ed6,doi
10.1109/tvcg.2019.2892483,5c3ed5c6e1cd8e0a96069f63,doi
10.1109/tvcg.2010.79,5390aefc20f70186a0ecd475,doi
10.1109/tvcg.2015.2462356,57a4e901ac44365e35c9523b,doi
10.1109/tvcg.2025.3567989,67d23dbb163c01c8504d7b84,doi
10.1109/tvcg.2021.3060500,5f229a7091e0113629960afc,doi
10.1109/tvcg.2020.2993992,5b67b4b417c44aac1c8674eb,doi
10.1109/tvcg.2016.2535340,599c7857601a182cd25bbdb8,doi
10.1109/tvcg.2015.2500225,564f29460cf20a6ca224c636,doi
10.1109/tvcg.2022.3144975,61f2782a5244ab9dcbe0c0c2,doi
10.1109/mcg.2024.3509374,6760b7c2ae8580e7ffb6d4ab,doi
10.1109/tvcg.2021.3138933,61cd8d915244ab9dcb540a5f,doi
10.1109/tvcg.2012.142,5390bae520f70186a0f3b48c,doi
10.1109/tvcg.2020.2973258,5e427c893a55acbff4c40783,doi
10.1109/tvcg.2021.3088339,60c48bfae4510cd7c8a021cb,doi
10.1109/tvcg.2022.3219762,6366410290e50fcafdb16ca6,doi
10.1109/tvcg.2020.3037680,5fafb102d4150a363c8a6190,doi
10.1109/tvcg.2022.3156760,61c77d365244ab9dcbd6959e,doi
10.1109/tvcg.2015.2392771,55465ef40cf2939c2feed200,doi
10.1109/tvcg.2023.3339585,65715dd7939a5f408220a0a6,doi
10.1109/mcg.2017.3621223,59cb0d6d0cf23f44bec68cbc,doi
10.1109/tvcg.2021.3104879,6124cdf35244ab9dcb949b4f,doi
10.1109/tvcg.2023.3332999,65542fd0939a5f4082092864,doi
10.1109/mcg.2015.47,558c49dce4b00c3c48e166df,doi
10.1109/tvcg.2020.2968911,5e30070edf1a9c0c41e8f690,doi
10.1109/tvcg.2020.3032123,5f900b399fced0a24b2caa77,doi
10.1109/tvcg.2023.3261981,6423ac6c90e50fcafd55c0d0,doi
10.1109/tvcg.2019.2920130,5cfb8aea3a55ac49acdebced,doi
10.1109/tvcg.2022.3166071,62553b705aee126c0fea7a13,doi
10.1109/tvcg.2011.35,5390b36120f70186a0ef0c3d,doi
10.1109/tvcg.2018.2861397,5c0f8711da562944ac946179,doi
10.1109/tvcg.2018.2855742,5c0f8624da562944ac927025,doi
10.1109/tvcg.2022.3175626,628cbc015aee126c0f40abd0,doi
10.1109/tvcg.2016.2620975,5a260c8b17c44a4ba8a33151,doi
10.1109/tvcg.2021.3056424,601d1b6aaf79179a9908e1c5,doi
10.1109/tvcg.2019.2898186,5c6032e4e1cd8efdcef89e25,doi
10.1109/tvcg.2024.3496112,67319f9101d2a3fbfc177c36,doi
10.1109/tvcg.2024.3486613,62563f825aee126c0f6f2895,doi
10.1109/tvcg.2022.3192364,62d8cecc5aee126c0fbbe959,doi
10.1109/tvcg.2012.324,53e9ac7bb7602d9703653a58,doi
10.1109/mcg.2022.3201465,632d8e9390e50fcafd26379d,doi
10.1109/tvcg.2022.3197203,62f23b9390e50fcafdca73eb,doi
10.1109/tvcg.2017.2752166,5bbacbad17c44aecc4eb03ac,doi
10.1109/tvcg.2010.64,5390adfc20f70186a0ec5055,doi
10.1109/tvcg.2018.2859974,5c0f86b3da562944ac93a437,doi
10.1109/tvcg.2018.2802520,5c0f8548da562944ac9067ba,doi
10.1109/tvcg.2023.3306356,62a94e065aee126c0f9c0193,doi
10.1109/tvcg.2017.2773071,5bdc31c217c44a1f58a0d16c,doi
10.1109/tvcg.2022.3187425,62c4fe7e5aee126c0fafd2d8,doi
10.1109/tvcg.2020.3045918,5dc29a843a55acf4d3a90939,doi
10.1109/tvcg.2020.2975583,5e5643e393d709897cd30b43,doi
10.1109/tvcg.2022.3193756,62eba3375aee126c0f0a8747,doi
10.1109/tvcg.2022.3153514,6218b58e5aee126c0f7af730,doi
10.1109/tvcg.2022.3147154,5f5ca8ed91e0115b33151f0e,doi
10.1109/mcg.2015.73,56d8ab77dabfae2eeeb685da,doi
10.1109/mcg.2024.3405656,6655614d01d2a3fbfcf45220,doi
10.1109/tvcg.2021.3067200,605b180ee4510cd7c8c7b878,doi
10.1109/tvcg.2015.2417572,55465e5a0cf2939c2feeab8f,doi
10.1109/tvcg.2022.3159114,60b1a2d791e01153745957f1,doi
10.1109/tvcg.2022.3201101,63108d9b90e50fcafdcd18a6,doi
10.1109/tvcg.2011.284,5390b72e20f70186a0f226f8,doi
10.1109/mcg.2021.3097730,53e99ac4b7602d9702342574,doi
10.1109/tvcg.2019.2961674,5e0337f2df1a9c0c416667b3,doi
10.1109/tvcg.2012.77,5390b7fe20f70186a0f2635a,doi
10.1109/tvcg.2019.2904683,5c8cced3e1cd8e5dafc00563,doi
10.1109/tvcg.2021.3097709,60f3fc9d5244ab9dcb53320d,doi
10.1109/tvcg.2023.3341990,6426ed4890e50fcafd446d04,doi
10.1109/tvcg.2018.2879866,5c0f8fedda562944aca67e4a,doi
10.1109/tvcg.2024.3372620,65e6a6fc13fb2c6cf60d5102,doi
10.1109/tvcg.2020.2985923,5e9ec4ed9fced0a24b00af94,doi
10.1109/mcg.2021.3115387,61109f5c5244ab9dcb2ed252,doi
10.1109/tvcg.2013.117,5390bf1320f70186a0f502de,doi
10.1109/tvcg.2010.37,5390aefc20f70186a0ecd477,doi
10.1109/tvcg.2012.118,53909a9320f70186a0e21a89,doi
10.1109/tvcg.2014.2350494,55323e6945cec66b6f9e3816,doi
10.1109/tvcg.2018.2835485,5c0f8548da562944ac906830,doi
10.1109/tvcg.2018.2834341,5c0f8548da562944ac9068d7,doi
10.1109/tvcg.2023.3330262,6456385bd68f896efacf22bc,doi
10.1109/tvcg.2013.265,558beeede4b00c3c48df4ecd,doi
10.1109/tvcg.2023.3346641,6594cc11939a5f40820a3627,doi
10.1109/mcg.2023.3299875,64cb42693fda6d7f06e454e8,doi
10.1109/tvcg.2018.2834923,5c0f8548da562944ac906a7e,doi
10.1109/tvcg.2021.3088343,60c48bfae4510cd7c8a0229f,doi
10.1109/tvcg.2018.2830759,5c0f8548da562944ac906962,doi
10.1109/mcg.2019.2911230,5cb6f952e1cd8e0308c67646,doi
10.1109/tvcg.2018.2811488,5c0f8548da562944ac9067bb,doi
10.1109/tvcg.2022.3169175,625f6bf65aee126c0ffb3627,doi
10.1109/tvcg.2022.3210763,6336853290e50fcafd4def92,doi
10.1109/tvcg.2014.2371858,55465d880cf2939c2fee770c,doi
10.1109/tvcg.2020.2969185,5d610c3c3a55ac9ed9d7f003,doi
10.1109/tvcg.2020.3012063,5d95c6ce3a55ac3d58c9b210,doi
10.1109/tvcg.2024.3514138,67577daaae8580e7ff3ebb49,doi
10.1109/tvcg.2017.2661309,5a73cbcc17c44a0b3035fb65,doi
10.1109/tvcg.2023.3287585,64af6f953fda6d7f06414b0c,doi
10.1109/mcg.2023.3301449,6040b43591e011185c3eb408,doi
10.1109/mcg.2016.102,58437735ac44360f10832234,doi
10.1109/tvcg.2020.3038154,5fb64439d4150a363cd61ebc,doi
10.1109/tvcg.2014.2362543,55465e3b0cf2939c2feea3cf,doi
10.1109/tvcg.2016.2549018,599c7857601a182cd25bc2bd,doi
10.1109/tvcg.2021.3052167,600807b4d4150a363cad89c2,doi
10.1109/tvcg.2012.65,5390b95520f70186a0f2f461,doi
10.1109/tvcg.2013.254,53e9a4fab7602d9702e1a261,doi
10.1109/tvcg.2023.3239909,620c6b6a5aee126c0fe2951a,doi
10.1109/tvcg.2021.3073399,5fb5008491e011a46b1b3111,doi
10.1109/tvcg.2019.2940580,5d7cbcc447c8f76646dc3206,doi
10.1109/mcg.2022.3149683,62063e945aee126c0f281a35,doi
10.1109/tvcg.2019.2898435,5c67e17ce1cd8e5a4429120a,doi
10.1109/tvcg.2021.3135697,605192ec9e795e94b639707a,doi
10.1109/tvcg.2024.3411575,64d30f353fda6d7f06f6c9da,doi
10.1109/tvcg.2017.2750689,5bbacbad17c44aecc4eb03af,doi
10.1109/tvcg.2022.3171074,6273aad95aee126c0f77b0f0,doi
10.1109/tvcg.2022.3209631,6336c8c090e50fcafd18f689,doi
10.1109/tvcg.2024.3520219,676a2435ae8580e7ff2f0fca,doi
10.1109/tvcg.2025.3558468,6614a0ef13fb2c6cf6f8201b,title
10.1109/tvcg.2015.2509990,573696016e3b12023e5156cd,doi
10.1109/mcg.2018.032421656,5b3d98bd17c44a510f800684,doi
10.1109/tvcg.2011.128,5390b63320f70186a0f17cda,doi
10.1109/mcg.2022.3172650,607d5a7f91e011772416da98,doi
10.1109/tvcg.2014.2359887,55465da90cf2939c2fee7f3c,doi
10.1109/tvcg.2019.2907583,5ca334d7e1cd8eb671014cea,doi
10.1109/mcg.2015.70,57a4e92fac44365e35c9b7dd,doi
10.1109/tvcg.2015.2440259,5390be6620f70186a0f4c6b6,doi
10.1109/tvcg.2024.3364388,65cd2cc1939a5f4082254c0e,doi
10.1109/tvcg.2013.18,5390bd1520f70186a0f42fd3,doi
10.1109/mcg.2022.3209605,6399a2ee90e50fcafdae031c,doi
10.1109/tvcg.2016.2642109,5550414445ce0a409eb39d38,doi
10.1109/tvcg.2024.3364841,65b31373939a5f4082a42d7e,doi
10.1109/tvcg.2020.2985689,5cc6cc43e1cd8e77ee67673b,doi
10.1109/tvcg.2021.3059294,602cec3caf79179a997df955,doi
10.1109/tvcg.2022.3223399,6385788690e50fcafdf4a239,doi
10.1109/tvcg.2014.2331979,55465f0d0cf2939c2feed863,doi
10.1109/tvcg.2022.3209328,6336c8c090e50fcafd18f66d,doi
10.1109/tvcg.2019.2920157,5cfb8aea3a55ac49acdebcee,doi
10.1109/tvcg.2020.2995100,5f056ab29e795e2a332c08ee,doi
10.1109/mcg.2020.3025183,5f67295e9fced0a24bcde7de,doi
10.1109/tvcg.2023.3243676,6432998690e50fcafd467aeb,doi
10.1109/tvcg.2018.2853721,5c0f8549da562944ac906baf,doi
10.1109/tvcg.2012.315,53e9b682b7602d97041ed272,doi
10.1109/mcg.2023.3248289,63ed9f3190e50fcafd0f0d8b,doi
10.1109/tvcg.2019.2904069,5c8b20f8e1cd8e8d2093dadd,doi
10.1109/tvcg.2021.3128157,6194dd425244ab9dcb81983b,doi
10.1109/tvcg.2015.2403323,55465ea20cf2939c2feebd6f,doi
10.1109/mcg.2020.3025385,5f6b1f839fced0a24b480b0b,doi
10.1109/mcg.2024.3379851,65fbb34e13fb2c6cf69bc55f,doi
10.1109/tvcg.2020.3023013,5f5ca3699fced0a24bc756e7,doi
10.1109/mcg.2015.120,564b35960cf25e4e03c87545,doi
10.1109/mcg.2018.032421655,5b3d98bd17c44a510f800680,doi
10.1109/tvcg.2019.2956697,5d08b64b3a55ac56858eb73d,doi
10.1109/tvcg.2022.3158236,6231c2d15aee126c0f982c6d,doi
10.1109/tvcg.2024.3514115,66da63c001d2a3fbfc207e70,doi
10.1109/tvcg.2018.2796557,5c0f8548da562944ac906aed,doi
10.1109/tvcg.2022.3163349,61076c695244ab9dcb33cd94,doi
10.1109/tvcg.2021.3110663,613b36ea5244ab9dcba24f2a,doi
10.1109/tvcg.2022.3232591,63b39cbe90e50fcafdd1e346,doi
10.1109/tvcg.2014.2388208,55465e3f0cf2939c2feea4bc,doi
10.1109/tvcg.2018.2808969,5c0f8548da562944ac9069e1,doi
10.1109/tvcg.2021.3107749,5f96920f91e01156ea5b3588,doi
10.1109/mcg.2019.2898941,5c66396ce1cd8e391e53aa1b,doi
10.1109/tvcg.2023.3261320,62bab8e85aee126c0f6ad97e,doi
10.1109/tvcg.2021.3051013,60001db5d4150a363c82626c,doi
10.1109/tvcg.2021.3119212,605192ec9e795e94b639707b,doi
10.1109/mcg.2018.032421652,5b3d98bd17c44a510f800686,doi
10.1109/tvcg.2024.3356566,65b02969939a5f40824c8f70,doi
10.1109/tvcg.2012.312,5390bb7b20f70186a0f3f6ed,doi
10.1109/tvcg.2016.2539960,599c7855601a182cd25bb902,doi
10.1109/tvcg.2024.3433001,66a1c5e401d2a3fbfcd85dd6,doi
10.1109/tvcg.2013.240,5390bf1320f70186a0f502df,doi
10.1109/tvcg.2014.2327977,557c4786f66765fbb46ad074,doi
10.1109/tvcg.2025.3602448,6715b6cf01d2a3fbfc22557e,title
10.1109/tvcg.2017.2719684,595257170cf25ae050c37015,doi
10.1109/tvcg.2016.2539949,599c7857601a182cd25bbeaf,doi
10.1109/tvcg.2016.2618797,5a260c8b17c44a4ba8a33156,doi
10.1109/tvcg.2024.3383089,64a29646d68f896efa296c5f,doi
10.1109/tvcg.2019.2953026,5dd9035cdf1a9c0c4157da93,doi
10.1109/tvcg.2020.3032984,5f93fe9b9fced0a24bacb575,doi
10.1109/tvcg.2018.2802945,5c0f8549da562944ac906b4a,doi
10.1109/tvcg.2018.2883630,5c0f91ccda562944acaa2d77,doi
10.1109/mcg.2021.3116042,615594df5244ab9dcb72f1e9,doi
10.1109/mcg.2016.40,56f605390cf2d36f21761cea,doi
10.1109/tvcg.2022.3230445,53e9b45eb7602d9703f5edd1,doi
10.1109/tvcg.2019.2917689,5ce6e05c3a55acfb398d22af,doi
10.1109/mcg.2018.2881501,5d0f56f53a55ac25739fe0f8,doi
10.1109/tvcg.2015.2498554,5645ee880cf23363c3b407a1,doi
10.1109/mcg.2020.2985368,5e9831219fced0a24bc04ee3,doi
10.1109/tvcg.2024.3392587,6628920001d2a3fbfc4b21fc,doi
10.1109/mcg.2021.3115416,615837ed5244ab9dcb3c8cf7,doi
10.1109/mcg.2020.3024146,5edf5ddc91e011bc656def4e,doi
10.1109/tvcg.2023.3238821,6407fd3e90e50fcafd274757,doi
10.1109/mcg.2020.2968249,5e30070edf1a9c0c41e8f681,doi
10.1109/tvcg.2016.2515611,5697ab100cf28986c49b956d,doi
10.1109/tvcg.2021.3134083,61b480b55244ab9dcbe9a0a9,doi
10.1109/tvcg.2020.3025090,5f67295e9fced0a24bcde5df,doi
10.1109/tvcg.2023.3241581,642ff70890e50fcafdac5e5c,doi
10.1109/tvcg.2012.133,5390bae520f70186a0f3b48b,doi
10.1109/tvcg.2023.3332511,643cb8bb0746dc40e38e5f32,doi
10.1109/mcg.2017.21,599c7a47601a182cd26a421a,doi
10.1109/tvcg.2025.3644671,67c11912163c01c850ecaba0,title
10.1109/tvcg.2021.3074010,60814dc6e4510cd7c85de0f4,doi
10.1109/tvcg.2019.2920639,5c2c7a9217c44a4e7cf31234,doi
10.1109/mcg.2021.3115396,6153e3575244ab9dcb3d3299,doi
10.1109/tvcg.2019.2945960,5da2f60947c8f76646083101,doi
10.1109/mcg.2015.69,55c358b3683a451f09d2d2b1,doi
10.1109/tvcg.2022.3158869,6235b79b5aee126c0f7dede4,doi
10.1109/tvcg.2021.3054916,5ff45ad491e01130648dc642,doi
10.1109/tvcg.2022.3231716,642ea3e490e50fcafd6d48f5,doi
10.1109/tvcg.2025.3572842,661ddba813fb2c6cf6b5d7d6,doi
10.1109/tvcg.2015.2502587,565711400cf20caa7d695db9,doi
10.1109/tvcg.2017.2734659,598b2a9e0cf255ad00971921,doi
10.1109/tvcg.2022.3148745,614012c15244ab9dcb8166c0,doi
10.1109/tvcg.2022.3213565,62393e7e5aee126c0f125dc2,doi
10.1109/tvcg.2020.2994954,5f2a852f9fced0a24bdb4cde,doi
10.1109/tvcg.2014.2337333,55465d610cf2939c2fee6d13,doi
10.1109/mcg.2023.3263960,6433e84690e50fcafd2ab8d3,doi
10.1109/tvcg.2025.3586689,66611c9001d2a3fbfc76044e,doi
10.1109/tvcg.2022.3205769,62cb94ae5aee126c0ff8149c,doi
10.1109/tvcg.2023.3326698,62a6aabe5aee126c0ff368a8,doi
10.1109/tvcg.2016.2614803,59ae3bcd2bbe271c4c71ac41,doi
10.1109/mcg.2018.2881523,5d0f56f53a55ac25739fe0f9,doi
10.1109/mcg.2022.3149837,62063e945aee126c0f281b2d,doi
10.1109/tvcg.2022.3184186,62b2888c5aee126c0fbc7ae7,doi
10.1109/tvcg.2023.3236380,62fdae3690e50fcafdd63423,doi
10.1109/tvcg.2025.3530512,67034a0701d2a3fbfcb74bb4,doi
10.1109/tvcg.2023.3322372,652244693fda6d7f068a6fb1,doi
10.1109/tvcg.2018.2859973,5c0f8711da562944ac946176,doi
10.1109/tvcg.2012.144,5390bae520f70186a0f3b491,doi
10.1109/tvcg.2025.3528197,6434cfcc90e50fcafd79ffba,doi
10.1109/tvcg.2010.94,5390afc920f70186a0ed20b8,doi
10.1109/tvcg.2025.3634087,6747dc1eae8580e7ffe4a1e7,title
10.1109/tvcg.2018.2882449,5c0f9139da562944aca91e80,doi
10.1109/tvcg.2022.3226463,53e9b17ab7602d9703c05ceb,doi
10.1109/mcg.2018.053491731,5bdc31af17c44a1f58a0a616,doi
10.1109/tvcg.2018.2802521,5c0f8549da562944ac906b48,doi
10.1109/tvcg.2019.2915222,5cdfe4f6e1cd8edcef968df6,doi
10.1109/tvcg.2023.3338451,656c17d2939a5f4082dcecf1,doi
10.1109/tvcg.2021.3051632,60080584d4150a363caa2e56,doi
10.1109/mcg.2019.2898856,5c66396ce1cd8e391e53aa1a,doi
10.1109/mcg.2018.2881502,5d0f56f53a55ac25739fe0f7,doi
10.1109/tvcg.2012.91,5390b95420f70186a0f2d974,doi
10.1109/tvcg.2024.3355884,65a0aa6e939a5f40828c222d,doi
10.1109/tvcg.2010.270,5390b1d220f70186a0ee1be7,doi
10.1109/tvcg.2019.2941208,5d86017347c8f76646ee22c4,doi
10.1109/tvcg.2023.3250166,63fd715990e50fcafd146cdf,doi
10.1109/tvcg.2017.2723397,596574c20cf2daa591bb78af,doi
10.1109/tvcg.2019.2916098,5cdfe4f6e1cd8edcef968df8,doi
10.1109/tvcg.2020.2986996,5e4d083f3a55ac8cfd770a27,doi
10.1109/tvcg.2012.110,5390bae520f70186a0f3b495,doi
10.1109/tvcg.2025.3618914,6614a0ef13fb2c6cf6f81f99,title
10.1109/mcg.2023.3246111,6479e3b6d68f896efa4ee848,doi
10.1109/tvcg.2011.100,5390b4da20f70186a0f00aff,doi
10.1109/tvcg.2012.170,5390bb7b20f70186a0f3f6f4,doi
10.1109/tvcg.2011.268,5390b72e20f70186a0f227a1,doi
10.1109/tvcg.2024.3431930,66e24bdc01d2a3fbfcbd467a,doi
10.1109/tvcg.2010.111,5390b00c20f70186a0ed4a84,doi
10.1109/tvcg.2024.3520208,676382b7ae8580e7ff1ef980,doi
10.1109/tvcg.2016.2616404,59ae3bcd2bbe271c4c71ac43,doi
10.1109/tvcg.2019.2892415,5c3ed5c6e1cd8e0a96069f60,doi
10.1109/tvcg.2020.2965109,5e22d771df1a9c0c41e527eb,doi
10.1109/tvcg.2022.3159630,623465855aee126c0feeee69,doi
10.1109/tvcg.2022.3229017,53e9b4b9b7602d9703fd030a,doi
10.1109/mcg.2014.82,558c14e5e4b0cfb70a1b862c,doi
10.1109/mcg.2019.2941856,5d9869e547c8f76646f3662a,doi
10.1109/tvcg.2022.3170531,626bc4435aee126c0f6ee591,doi
10.1109/tvcg.2018.2873612,5c0f8ce8da562944aca06165,doi
10.1109/mcg.2021.3115417,6153e3575244ab9dcb3d3337,doi
10.1109/tvcg.2023.3337396,656974d1939a5f40829cbada,doi
10.1109/tvcg.2011.108,5390b4da20f70186a0f00b00,doi
10.1109/tvcg.2013.100,5390be6620f70186a0f4bb84,doi
10.1109/tvcg.2021.3100413,639c88bf90e50fcafd27106d,doi
10.1109/tvcg.2024.3459961,65e7d30813fb2c6cf6f67825,doi
10.1109/tvcg.2023.3340770,65828b68939a5f40827e2cbe,doi
10.1109/tvcg.2020.2975795,5dfb4b2f3a55acc4878bd2de,doi
10.1109/mcg.2022.3167044,629b381b5aee126c0fd92032,doi
10.1109/tvcg.2017.2692781,5aed14e217c44a4438159de5,doi
10.1109/tvcg.2022.3148107,5fbce02391e01127d58eeed5,doi
10.1109/mcg.2021.3093908,60dd30e991e011cc85cbcc4c,doi
10.1109/tvcg.2023.3282364,648d0471d68f896efa99ba00,doi
10.1109/tvcg.2013.81,5390be6620f70186a0f4bb7f,doi
10.1109/mcg.2020.2973945,5e5100db93d709897c8c2e1d,doi
10.1109/tvcg.2023.3240003,63d340e890e50fcafd910aaf,doi
10.1109/tvcg.2015.2505305,58437713ac44360f1082cc32,doi
10.1109/tvcg.2022.3207929,6329f22e90e50fcafd04f9d8,doi
10.1109/tvcg.2017.2723393,596574c20cf2daa591bb78b0,doi
10.1109/tvcg.2019.2904063,5c80f459e1cd8e544cae2021,doi
10.1109/mcg.2022.3199727,6307da2690e50fcafdf94ded,doi
10.1109/mcg.2017.3621220,59cb0d6d0cf23f44bec68cbf,doi
10.1109/tvcg.2011.269,5390b72e20f70186a0f227a3,doi
10.1109/tvcg.2014.2329308,55465dd30cf2939c2fee89c4,doi
10.1109/mcg.2014.61,5550427e45ce0a409eb42bff,doi
10.1109/tvcg.2021.3098123,60f9439c5244ab9dcba394a7,doi
10.1109/tvcg.2021.3092680,60d856eb1e8bd4ede22d3d48,doi
10.1109/tvcg.2015.2489660,562103090cf276a3be15e863,doi
10.1109/tvcg.2017.2784830,5bdc31c217c44a1f58a0d167,doi
10.1109/tvcg.2025.3579956,6434cfcd90e50fcafd7a05f0,doi
10.1109/tvcg.2023.3289292,651ccb383fda6d7f066354e8,doi
10.1109/tvcg.2023.3285210,64af6e0c3fda6d7f064018fd,doi
10.1109/mcg.2015.25,55465e320cf2939c2feea190,doi
10.1109/tvcg.2017.2682865,5aed14e217c44a4438159ddd,doi
10.1109/tvcg.2024.3411786,62563f8a5aee126c0f6f3c8d,doi
10.1109/tvcg.2020.2984708,5ea014ed9fced0a24ba1ae92,doi
10.1109/tvcg.2022.3155440,5f0837c791e01137f8667659,doi
10.1109/tvcg.2011.285,5390b7fe20f70186a0f2635c,doi
10.1109/tvcg.2018.2790961,5bdc31c217c44a1f58a0d15c,doi
10.1109/tvcg.2019.2922597,5d041b1e3a55acfcafefcc81,doi
