Paper DOI,Author Names,PositionNumber,PositionCode,Affiliation,Country
10.1109/visual.2005.1532847,Pierre Ermes,2,M,,
10.1109/visual.2005.1532808,Martin Kraus 0001,1,F,,
10.1109/visual.2005.1532776,Robert M. O'Bara,6,M,,
10.1109/visual.2005.1532774,Boris Jeremic,2,M,,
10.1109/visual.2004.98,Lukas Mroz,4,M,,
10.1109/visual.2004.77,Bill Geisler,3,M,,
10.1109/visual.2004.14,Wawan Solihin,2,M,,
10.1109/visual.2004.126,Shalini Venkataraman,2,M,,
10.1109/visual.2004.113,Markus Rütten,6,M,,
10.1109/visual.2004.112,Julian R. Gallop,3,M,,
10.1109/visual.2003.1250348,,1,F,,
10.1109/visual.2002.1183823,Susanne Crewell,3,M,,
10.1109/visual.2000.885732,Anna Vilanova Bartrolí,2,M,,
10.1109/visual.2000.885732,Balint Hegedüs,3,M,,
10.1109/visual.2000.885731,George E. Karniadakis,5,M,,
10.1109/visual.2000.885712,Lars S. Nyland,3,M,,
10.1109/visual.1999.809929,E. J. Mayland,4,L,,
10.1109/visual.1999.809924,Nickolas Faust,4,M,,
10.1109/visual.1999.809920,Konstantinos Fostiropoulos,4,M,,
10.1109/visual.1999.809918,Wolf Bartelheimer,3,M,,
10.1109/visual.1999.809912,Wolfgang Straßer,2,M,,
10.1109/visual.1999.809900,E. Kuo,3,M,,
10.1109/visual.1999.809885,Endre Bangerter,2,M,,
10.1109/visual.1999.809883,W. Brent Seales,7,M,,
10.1109/visual.1998.745355,David Kremers,2,M,,
10.1109/visual.1998.745355,Felica Frankel,3,M,,
10.1109/visual.1998.745355,Victoria Interrante,4,M,,
10.1109/visual.1998.745355,Thomas F. Banchoff,5,L,,
10.1109/visual.1998.745354,Sharon J. Laskowski,2,M,,
10.1109/visual.1998.745354,Alfred Inselberg,3,L,,
10.1109/visual.1998.745353,Lloyd Treinish,2,M,,
10.1109/visual.1998.745353,James P. Ahrens,3,M,,
10.1109/visual.1998.745353,E. Wes Bethel,4,M,,
10.1109/visual.1998.745353,Andrei State,5,L,,
10.1109/visual.1998.745352,William E. Lorensen,3,M,,
10.1109/visual.1998.745344,Tony King,6,M,,
10.1109/visual.1998.745325,Torsten Möller,2,M,,
10.1109/visual.1997.663923,Pichet Thiansathaporn,9,M,,
10.1109/visual.1997.663915,Kittiboon Junyaprasert,4,M,,
10.1109/visual.1997.663915,Shigeru Muraki,6,M,,
10.1109/visual.1997.663882,Naeem Shareef,4,M,,
10.1109/visual.1997.663878,H. T. Nguyen,3,M,,
10.1109/visual.1997.663860,Mark C. Miller,4,M,,
10.1109/visual.1996.568130,Florian Sobieczky,1,F,,
10.1109/visual.1996.567752,Ken Martin,2,M,,
10.1109/visual.1996.567752,William E. Lorensen,3,L,,
10.1109/visual.1992.235187,W.J. Campbell,1,F,,
10.1109/visual.1992.235187,R.F. Cromp,2,M,,
10.1109/visual.1992.235187,G. Fekete,3,M,,
10.1109/visual.1992.235187,R. Wall,4,M,,
10.1109/visual.1992.235187,M. Goldberg,5,L,,
10.1109/visual.1992.235184,P.T. Breen,1,F,,
10.1109/visual.1992.235182,W. Ribarsky,1,F,,
10.1109/visual.1992.235182,B. Brown,2,M,,
10.1109/visual.1992.235182,T. Myerson,3,M,,
10.1109/visual.1992.235182,R. Feldmann,4,M,,
10.1109/visual.1992.235182,S. Smith,5,M,,
10.1109/visual.1992.235182,L. Treinish,6,L,,
10.1109/visual.1992.235178,Michael A. Matheson,4,L,,
10.1109/visual.1992.235175,Theresa-Marie Rhyne,1,F,,
10.1109/visual.1992.235175,Mark Bolstad,2,M,,
10.1109/visual.1992.235175,Penny Rheingans,3,M,,
10.1109/visual.1992.235175,Lynne Petterson,4,M,,
10.1109/visual.1992.235175,Walter Shackelford,5,M,,
10.1109/visual.1992.235175,Mike E. Botts,6,M,,
10.1109/visual.1992.235175,E. Pepke,7,M,,
10.1109/visual.1992.235175,K. W. Johnson,8,M,,
10.1109/visual.1992.235175,William L. Hibbard,9,M,,
10.1109/visual.1992.235175,Charles R. Dyer,10,M,,
10.1109/visual.1992.235175,Brian E. Paul,11,M,,
10.1109/visual.1992.235175,Lloyd Treinish,12,L,,
10.1109/visual.1991.175828,V. Argiro,1,F,,
10.1109/visual.1991.175828,M. Whitton,2,M,,
10.1109/visual.1991.175828,A. Evans,3,M,,
10.1109/visual.1991.175828,W. Massell,4,M,,
10.1109/visual.1991.175828,S. Paddock,5,M,,
10.1109/visual.1991.175828,E. Fishman,6,L,,
10.1109/visual.1991.175827,M.M. Blattner,1,F,,
10.1109/visual.1991.175827,G. Grinstein,2,M,,
10.1109/visual.1991.175827,E.P. Glinert,3,M,,
10.1109/visual.1991.175827,W. Hill,4,M,,
10.1109/visual.1991.175827,C. Levit,5,M,,
10.1109/visual.1991.175827,S. Smith,6,L,,
10.1109/visual.1991.175826,D. Prawel,1,F,,
10.1109/visual.1991.175826,M. Brown,2,M,,
10.1109/visual.1991.175826,C. Harris,3,M,,
10.1109/visual.1991.175826,R. Kriz,4,M,,
10.1109/visual.1991.175826,M. Vigil,5,L,,
10.1109/visual.1991.175825,J. Bowie,2,M,,
10.1109/visual.1991.175825,H.-W. Braun,3,M,,
10.1109/visual.1991.175825,R. Guerin,4,M,,
10.1109/visual.1991.175825,D. Stevenson,5,L,,
10.1109/visual.1990.146398,Philip K. Stone,3,M,,
10.1109/vast50239.2020.00015,Yang Chen,5,M,I4 data,
10.1109/vast47406.2019.8986922,Barry L. Drake,3,M,Georgia Tech Research Institute,
10.1109/vast.2017.8585669,Emily Wall,1,F,Georgia Tech,
10.1109/vast.2017.8585669,Alex Endert,4,L,Georgia Tech,
10.1109/vast.2016.7883509,Mark Igra,3,L,Independent,
10.1109/vast.2016.7883507,Florian Heimerl,1,F,,
10.1109/vast.2016.7883507,Qi Han 0006,3,M,,
10.1109/vast.2016.7883507,Steffen Koch 0001,4,M,,
10.1109/vast.2016.7883507,Thomas Ertl,5,L,,
10.1109/vast.2015.7347682,Peter J. Polack Jr.,1,F,Georgia Tech,
10.1109/vast.2015.7347682,Shang-Tse Chen,2,M,Georgia Tech,
10.1109/vast.2015.7347682,Minsuk Kahng,3,M,Georgia Tech,
10.1109/vast.2015.7347682,Duen Horng Chau,5,L,Georgia Tech,
10.1109/vast.2014.7042478,Carlos A. Dietrich,1,F,Independent consultant,
10.1109/tvcg.2023.3326512,Cindy Xiong Bearfield,2,L,"Georgia Tech, Georgia",
10.1109/tvcg.2022.3209460,Andrew M. McNutt,1,F,,
10.1109/tvcg.2021.3114862,Arpit Narechania,2,M,"Georgia Tech, US",
10.1109/tvcg.2021.3114862,Adam Coscia,3,M,"Georgia Tech, US",
10.1109/tvcg.2021.3114862,Jamal Paden,4,M,"Georgia Tech, US",
10.1109/tvcg.2021.3114862,Alex Endert,5,L,"Georgia Tech, US",
10.1109/tvcg.2021.3114813,John T. Stasko,2,L,"Georgia Tech, US",
10.1109/tvcg.2020.3030443,Shenyu Xu,2,M,Georgia Tech.,
10.1109/tvcg.2020.3030443,Subhajit Das 0002,3,M,Georgia Tech.,
10.1109/tvcg.2020.3030443,Alex Endert,8,M,Georgia Tech.,
10.1109/tvcg.2020.3030418,Zijie J. Wang,1,F,Georgia Tech.,
10.1109/tvcg.2020.3030418,Robert Turko,2,M,Georgia Tech.,
10.1109/tvcg.2020.3030418,Omar Shaikh,3,M,Georgia Tech.,
10.1109/tvcg.2020.3030418,Haekyu Park,4,M,Georgia Tech.,
10.1109/tvcg.2020.3030418,Nilaksh Das,5,M,Georgia Tech.,
10.1109/tvcg.2020.3030418,Fred Hohman,6,M,Georgia Tech.,
10.1109/tvcg.2020.3030418,Duen Horng (Polo) Chau,8,L,Georgia Tech.,
10.1109/tvcg.2019.2934659,Fred Hohman,1,F,Georgia Tech.,
10.1109/tvcg.2019.2934659,Haekyu Park,2,M,Georgia Tech.,
10.1109/tvcg.2019.2934659,Caleb Robinson,3,M,Georgia Tech.,
10.1109/tvcg.2019.2934659,Duen Horng (Polo) Chau,4,L,Georgia Tech.,
10.1109/tvcg.2019.2934534,Bahador Saket,1,F,Georgia Tech,
10.1109/tvcg.2019.2934534,Alex Endert,4,L,Georgia Tech,
10.1109/tvcg.2019.2934260,Andrew J. Solis,5,M,,
10.1109/tvcg.2017.2744898,Robert S. Pienta,1,F,,
10.1109/tvcg.2017.2744898,Fred Hohman,2,M,,
10.1109/tvcg.2017.2744898,Alex Endert,3,M,,
10.1109/tvcg.2017.2744898,Acar Tamersoy,4,M,,
10.1109/tvcg.2017.2744898,Kevin A. Roundy,5,M,,
10.1109/tvcg.2017.2744898,Christopher S. Gates,6,M,,
10.1109/tvcg.2017.2744898,Shamkant B. Navathe,7,M,,
10.1109/tvcg.2017.2744898,Duen Horng Chau,8,L,,
10.1109/tvcg.2017.2744118,Hyejin Im,3,M,Independent scholar,
10.1109/tvcg.2017.2744038,Lawrence Roy,1,F,Roy Family Homeschool,
10.1109/tvcg.2015.2467971,Derek Xiaoyu Wang,3,M,,
10.1109/tvcg.2015.2467971,Eric Sauda,4,M,,
10.1109/tvcg.2015.2467971,William Ribarsky,5,L,,
10.1109/tvcg.2015.2467831,Dominikus Baur,2,M,An Independent Researcher,
10.1109/tvcg.2015.2467551,Alex Endert,2,M,Georgia Tech,
10.1109/tvcg.2014.2346249,Ramik Sadana,1,F,Georgia Tech.,
10.1109/tvcg.2014.2346249,Timothy Major,2,M,Georgia Tech.,
10.1109/tvcg.2014.2346249,Alistair D. M. Dove,3,M,Georgia Aquarium,
10.1109/tvcg.2014.2346249,John T. Stasko,4,L,Georgia Tech.,
10.1109/tvcg.2013.210,Guia Gali,3,L,independant graphic designer and researcher,
10.1109/tvcg.2008.127,Holly Schmidt,2,M,,
10.1109/tvcg.2007.70557,Heike Jänicke,4,M,,
10.1109/tvcg.2006.182,Vadim A. Slavin,1,F,,
10.1109/tvcg.2006.182,Robert Pelcovits,2,M,,
10.1109/tvcg.2006.182,George Loriot,3,M,,
10.1109/tvcg.2006.182,Andrew Callan-Jones,4,M,,
10.1109/tvcg.2006.182,David H. Laidlaw,5,L,,
10.1109/scivis.2015.7429489,Christian Schulte zu Berge,1,F,,
10.1109/scivis.2015.7429489,Denis Declara,2,M,,
10.1109/scivis.2015.7429489,Christoph Hennersperger,3,M,,
10.1109/scivis.2015.7429489,Maximilian Baust,4,M,,
10.1109/scivis.2015.7429489,Nassir Navab,5,L,,
10.1109/infvis.2004.37,Alan Turner,9,M,,
10.1109/infvis.2003.1249000,Tamara Munzner,1,F,,
10.1109/infvis.2003.1249000,Steven C. North,2,L,,
10.1109/infvis.1999.801864,Jeffrey Senn,3,L,,
10.1109/infvis.1997.636786,Edward L. Robertson,2,L,,
10.1109/infvis.1996.559210,John A. Kolojechick,7,M,,
10.0000/00000001,Randy L. Ribler,1,F,,
10.0000/00000001,Marc Abrams,2,L,,
